Cycle,Year,DailyGDP,CyclyGDP,Population,GDPperCapita,Unemployment,Inflation
1,0.00273973,432.715,1.18552,100,4.32715,0.02,-3.84117
2,0.00547945,455.382,1.24762,100,4.55382,0,1.84371
3,0.00821918,452.819,1.2406,100,4.52819,0,1.62241
