Cycle,Year,DailyGDP,CyclyGDP,Population,GDPperCapita,Unemployment,Inflation
1,0.00273973,0,0,501,0,0.00199601,0
2,0.00547945,0,0,501,0,0.00199601,0
3,0.00821918,0,0,501,0,0.00199601,0
