Cycle,UnemploymentRate
1,10
2,10
3,10
4,10
5,10
6,9.09091
7,7.21649
8,6.25
9,4.25532
10,3.22581
