Cycle,UnemploymentRate
1,10
2,10
3,10
4,10
5,10
6,8.16327
7,7.21649
8,8.16327
9,8.16327
10,8.16327
