Cycle,UnemploymentRate
1,10
2,10
3,10
4,10
5,10
6,8.16327
7,8.16327
8,7.21649
9,6.25
10,6.25
